{"cameraMode":{"drawMode":0,"name":"Shaded","section":"Shading Mode"},"sceneLighting":true,"audioPlay":false,"sceneViewState":{"showFog":true,"showMaterialUpdate":false,"showSkybox":true,"showFlares":true,"showImageEffects":true,"showParticleSystems":true,"showVisualEffectGraphs":true,"m_FxEnabled":true},"in2DMode":false,"pivot":{"x":51.00618362426758,"y":49.725440979003909,"z":138.81637573242188},"rotation":{"x":-0.00013948466221336275,"y":-0.9997903108596802,"z":0.00809831265360117,"w":-0.02095434069633484},"size":190.50303649902345,"orthographic":false}